line,order,stationName,lat,lng,hasElevatorInstalled,hasLiftInstalled
I11D1,1,신사,37.5161252633129,127.019760916726,true,false
I11D1,2,논현,37.5111153846379,127.021365807131,true,false
I11D1,3,신논현,37.504555429592,127.024530640799,true,false
I11D1,4,강남,37.4973854397871,127.02787893753,true,false
I11D1,5,양재(서초구청),37.4844535239588,127.034099452522,true,false
I11D1,6,양재시민의숲(매헌),37.4709638768813,127.038420263319,true,false
I11D1,7,청계산입구,37.4487148450701,127.054339616958,true,false
I11D1,8,판교,37.3957147534829,127.111210738619,true,false
I11D1,9,정자,37.3682101915529,127.108385905864,true,false
I11D1,10,미금,37.3511833209472,127.108902778591,true,false
I11D1,11,동천,37.3386841329961,127.102793673668,true,false
I11D1,12,수지구청,37.3230089609191,127.095581285703,true,false
I11D1,13,성복,37.3140425091456,127.080757826931,true,false
I11D1,14,상현,37.2986852587224,127.06957991138,true,false
I11D1,15,광교중앙(아주대),37.2877375194967,127.052625032841,true,false
I11D1,16,광교(경기대),37.3017347422146,127.044856131638,true,false
L41E1,1,기흥(백남준아트센터),37.27545288,127.1170465,true,false
L41E1,2,강남대,37.27017073,127.1260669,true,false
L41E1,3,지석,37.26973732,127.1363256,true,false
L41E1,4,어정,37.27495132,127.1437499,true,false
L41E1,5,동백(용인세브란스),37.26910138,127.1526906,true,false
L41E1,6,초당,37.26080647,127.1594692,true,false
L41E1,7,삼가,37.24205993,127.16818,true,false
L41E1,8,시청·용인대,37.23944203,127.1788851,true,false
L41E1,9,명지대,37.23807629,127.1902913,true,false
L41E1,10,김량장,37.23732377,127.1986109,true,false
L41E1,11,용인중앙시장(용인예술과학대),37.2379113,127.2090526,true,false
L41E1,12,고진,37.24463834,127.2141836,true,false
L41E1,13,보평,37.25896427,127.2184808,true,false
L41E1,14,둔전,37.26721222,127.2136387,true,false
L41E1,15,전대·에버랜드,37.28541327,127.219509,true,false
I28A1,1,인천공항2터미널,37.46866,126.433415,true,false
I28A1,2,인천공항1터미널,37.44760672,126.4523433,true,false
I28A1,3,공항화물청사,37.45902611,126.4774333,true,false
I28A1,4,운서,37.49284463,126.4936619,true,false
I28A1,5,영종,37.51209814,126.5242471,true,false
I28A1,6,청라국제도시,37.556509,126.624725,true,false
I28A1,7,검암,37.56915547,126.6735357,true,false
I28A1,8,계양,37.571769,126.736319,true,false
I28A1,9,김포공항,37.56211652,126.8015442,true,false
I28A1,10,마곡나루,37.56581914,126.8276358,true,false
I28A1,11,디지털미디어시티,37.577355,126.898025,true,false
I28A1,12,홍대입구,37.55774103,126.9264939,true,false
I28A1,13,공덕,37.5427105,126.9516296,true,false
I28A1,14,서울,37.55301784,126.9697643,true,false
S1108,1,동구릉,37.610556,127.135056,true,false
S1108,2,구리(구리전통시장),37.60256,127.14073,true,false
S1108,3,장자호수공원,37.587222,127.13793,true,false
S1108,4,암사역사공원,37.557167,127.137556,true,false
S1108,5,암사,37.550127,127.127521,true,false
S1108,6,천호(풍납토성),37.53792,127.123179,true,false
S1108,7,강동구청,37.530348,127.120461,true,false
S1108,8,몽촌토성(평화의문),37.517692,127.11274,true,false
S1108,9,잠실(송파구청),37.514649,127.104267,true,false
S1108,10,석촌,37.505396,127.106995,true,false
S1108,11,송파,37.49978,127.11212,true,false
S1108,12,가락시장,37.493004,127.118279,true,false
S1108,13,문정,37.485931,127.122473,true,false
S1108,14,장지,37.478609,127.126229,true,false
S1108,15,복정,37.471016,127.126746,true,false
S1108,16,남위례,37.462839,127.139047,true,false
S1108,17,산성,37.456886,127.149927,true,false
S1108,18,남한산성입구(성남법원·검찰청),37.451568,127.159845,true,false
S1108,19,단대오거리,37.445057,127.156735,true,false
S1108,20,신흥,37.440952,127.14759,true,false
S1108,21,수진,37.437575,127.140936,true,false
S1108,22,모란,37.433988,127.129921,true,false
L41G1,1,김포공항역,37.562309,126.801833,true,false
L41G1,2,고촌역,37.60125,126.770361,true,false
L41G1,3,풍무역,37.612333,126.732583,true,false
L41G1,4,사우역,37.620361,126.719722,true,false
L41G1,5,걸포북변역,37.631639,126.70575,true,false
L41G1,6,운양역,37.653861,126.683833,true,false
L41G1,7,장기역,37.644028,126.669,true,false
L41G1,8,마산역,37.640606,126.643944,true,false
L41G1,9,구래역,37.645354,126.6285,true,false
L41G1,10,양촌역,37.641639,126.614694,true,false
L11SL,1,관악산,37.46916896,126.944954837,true,false
L11SL,2,서울대벤처타운,37.47204068,126.933976556,true,false
L11SL,3,서원,37.47827336,126.933228219,true,false
L11SL,4,신림,37.484890755,126.92960992,true,false
L11SL,5,당곡,37.490039105,126.927568759,true,false
L11SL,6,보라매병원,37.4929607,126.923886,true,false
L11SL,7,보라매공원,37.495225405,126.918258811,true,false
L11SL,8,보라매,37.500312709,126.920485864,true,false
L11SL,9,서울지방병무청,37.50604687,126.922783404,true,false
L11SL,10,대방,37.512840166,126.925316781,true,false
L11SL,11,샛강,37.517219937,126.929403964,true,false
I4104,1,별내별가람역,37.667833,127.116167,true,false
I4104,2,오남역,37.7054056,127.191644,true,false
I4104,3,진접역,37.720472,127.203167,true,false
S4108,1,별내역,37.642517,127.1273,true,false
S4108,2,다산역,37.62437,127.1498,true,false
I4101,1,두정역,36.833791,127.148905,true,false
I4101,2,직산역,36.870921,127.143774,true,false
I4101,3,성환역,36.915781,127.127007,true,false
I4101,4,평택역,36.990559,127.085496,true,false
I4101,5,평택지제역,37.018822,127.070269,true,false
I4101,6,서정리역,37.056459,127.052844,true,false
I4101,7,송탄역,37.075376,127.054397,true,false
I4101,8,진위역,37.109771,127.062342,true,false
I4101,9,오산역,37.145472,127.066708,true,false
I4101,10,오산대역,37.169401,127.063081,true,false
I4101,11,세마역,37.187288,127.043279,true,false
I4101,12,서동탄역,37.195675,127.051893,true,false
I4101,13,병점역,37.206821,127.033268,true,false
I4101,14,세류역,37.244102,127.013772,true,false
I4101,15,수원역,37.266162,126.999821,true,false
I4101,16,화서역,37.28399,126.989581,true,false
I4101,17,성균관대역,37.300344,126.970861,true,false
I4101,18,의왕역,37.320648,126.948099,true,false
I4101,19,당정역,37.34338,126.948388,true,false
I4101,20,군포역,37.353732,126.948517,true,false
I4101,21,금정역,37.371957,126.943411,true,false
I4101,22,명학역,37.384435,126.935579,true,false
I4101,23,안양역,37.401929,126.922647,true,false
I4101,24,관악역,37.419578,126.908476,true,false
I4101,25,석수역,37.435161,126.902233,true,false
I4101,26,금천구청역,37.45576,126.894344,true,false
I4101,27,독산역,37.465994,126.889508,true,false
I4101,28,가산디지털단지역,37.481568,126.882628,true,false
I4101,29,구로역,37.503178,126.882037,true,false
I4101,30,신도림역,37.508983,126.891513,true,false
I4101,31,영등포역,37.515756,126.907411,true,false
I4101,32,신길역,37.517018,126.917743,true,false
I4101,33,대방역,37.513392,126.926407,true,false
I4101,34,노량진역,37.514072,126.941671,true,false
I4101,35,용산역,37.52989,126.964775,true,false
I4101,36,남영역,37.540597,126.971171,true,false
I4101,37,서울역,37.55585,126.972103,true,false
I4101,38,시청,37.565211,126.977207,true,false
I4101,39,종각,37.570203,126.983116,true,false
I4101,40,종로3가,37.570429,126.992095,true,false
I4101,41,종로5가,37.570971,127.0019,true,false
I4101,42,동대문,37.571646,127.01069,true,false
I4101,43,동묘앞,37.573265,127.016459,true,false
I4101,44,신설동,37.576117,127.02471,true,false
I4101,45,제기동,37.578116,127.034902,true,false
I4101,46,청량리(서울시립대입구),37.580148,127.045063,true,false
I4101,47,광명역,37.415995,126.884523,true,false
S1102,1,잠실나루,37.520688,127.103836,true,false
S1102,2,잠실(송파구청),37.513305,127.100129,true,false
S1102,3,잠실새내,37.511653,127.086224,true,false
S1102,4,종합운동장,37.511128,127.073841,true,false
S1102,5,삼성(무역센터),37.508827,127.063203,true,false
S1102,6,선릉,37.504257,127.048174,true,false
S1102,7,역삼,37.500658,127.03643,true,false
S1102,8,강남,37.49805,127.02795,true,false
S1102,9,교대(법원·검찰청),37.493957,127.014431,true,false
S1102,10,서초,37.49191,127.007685,true,false
S1102,11,방배,37.481469,126.997627,true,false
S1102,12,사당,37.476536,126.981631,true,false
S1102,13,낙성대(강감찬),37.47713,126.963583,true,false
S1102,14,서울대입구(관악구청),37.481233,126.952745,true,false
S1102,15,봉천,37.482416,126.941696,true,false
S1102,16,신림,37.484216,126.929573,true,false
S1102,17,신대방,37.487604,126.913479,true,false
S1102,18,구로디지털단지,37.4852931,126.901456,true,false
S1102,19,대림(구로구청),37.4932826,126.8949793,true,false
S1102,20,신도림,37.508815,126.891222,true,false
S1102,21,문래,37.517993,126.894766,true,false
S1102,22,영등포구청,37.525766,126.896627,true,false
S1102,23,당산,37.534807,126.902611,true,false
S1102,24,합정,37.550025,126.914557,true,false
S1102,25,홍대입구,37.556748,126.923643,true,false
S1102,26,신촌(지하),37.555153,126.93689,true,false
S1102,27,이대,37.556734,126.945897,true,false
S1102,28,아현,37.557407,126.956079,true,false
S1102,29,충정로(경기대입구),37.559742,126.964455,true,false
S1102,30,시청,37.563534,126.975271,true,false
S1102,31,을지로입구,37.565998,126.982569,true,false
S1102,32,을지로3가,37.566292,126.990873,true,false
S1102,33,을지로4가,37.566611,126.997622,true,false
S1102,34,동대문역사문화공원(DDP),37.565609,127.009083,true,false
S1102,35,신당,37.565675,127.0194259,true,false
S1102,36,상왕십리,37.564444,127.029322,true,false
S1102,37,왕십리(성동구청),37.561289,127.0370615,true,false
S1102,38,한양대,37.555758,127.0436594,true,false
S1102,39,뚝섬,37.54718,127.047413,true,false
S1102,40,성수,37.544628,127.055983,true,false
S1102,41,건대입구,37.540408,127.069231,true,false
S1102,42,구의(광진구청),37.537157,127.0862124,true,false
S1102,43,강변(동서울터미널),37.535161,127.094684,true,false
I1103,1,지축,37.648151,126.913751,true,false
I1103,2,구파발,37.636612,126.918827,true,false
I1103,3,연신내,37.619295,126.920959,true,false
I1103,4,불광,37.610154,126.930183,true,false
I1103,5,녹번,37.600882,126.935758,true,false
I1103,6,홍제,37.588851,126.944092,true,false
I1103,7,무악재,37.582658,126.950131,true,false
I1103,8,독립문,37.574534,126.957902,true,false
I1103,9,경복궁(정부서울청사),37.575844,126.973576,true,false
I1103,10,안국,37.576562,126.98547,true,false
I1103,11,종로3가,37.571537,126.991837,true,false
I1103,12,을지로3가,37.566299,126.992616,true,false
I1103,13,충무로,37.561382,126.994173,true,false
I1103,14,동대입구,37.55906,127.005273,true,false
I1103,15,약수,37.554554,127.010858,true,false
I1103,16,금호,37.548269,127.015785,true,false
I1103,17,옥수,37.541653,127.017303,true,false
I1103,18,압구정,37.526169,127.028502,true,false
I1103,19,신사,37.516438,127.020247,true,false
I1103,20,잠원,37.512989,127.011613,true,false
I1103,21,고속터미널,37.504953,127.004916,true,false
I1103,22,교대(법원·검찰청),37.49306,127.013796,true,false
I1103,23,남부터미널(예술의전당),37.48494,127.016289,true,false
I1103,24,양재(서초구청),37.48458,127.03423,true,false
I1103,25,매봉,37.487114,127.046907,true,false
I1103,26,도곡,37.491129,127.055694,true,false
I1103,27,대치,37.494601,127.063449,true,false
I1103,28,학여울,37.496787,127.0708601,true,false
I1103,29,대청,37.493607,127.079526,true,false
I1103,30,일원,37.48389,127.08416,true,false
I1103,31,수서,37.4875,127.101924,true,false
I1103,32,가락시장,37.492318,127.1177,true,false
I1103,33,경찰병원,37.495754,127.124198,true,false
I1103,34,오금,37.502288,127.128344,true,false
I1104,1,불암산,37.67009,127.079004,true,false
I1104,2,상계,37.660576,127.073199,true,false
I1104,3,노원,37.656274,127.063183,true,false
I1104,4,창동,37.653315,127.048304,true,false
I1104,5,쌍문,37.648274,127.034381,true,false
I1104,6,수유(강북구청),37.637727,127.025371,true,false
I1104,7,미아(서울사이버대학),37.626435,127.026151,true,false
I1104,8,미아사거리,37.613276,127.030083,true,false
I1104,9,길음,37.603387,127.025053,true,false
I1104,10,성신여대입구(돈암),37.592882,127.016908,true,false
I1104,11,한성대입구(삼선교),37.58838,127.005951,true,false
I1104,12,혜화,37.582116,127.001929,true,false
I1104,13,동대문,37.57099,127.00925,true,false
I1104,14,동대문역사문화공원(DDP),37.565141,127.007808,true,false
I1104,15,충무로,37.561352,126.994573,true,false
I1104,16,명동,37.560955,126.986271,true,false
I1104,17,회현(남대문시장),37.558698,126.978346,true,false
I1104,18,서울역,37.553172,126.972706,true,false
I1104,19,숙대입구(갈월),37.5447834,126.9721,true,false
I1104,20,삼각지(전쟁기념관),37.534457,126.972992,true,false
I1104,21,이촌(국립중앙박물관),37.52919,126.9679818,true,false
I1104,22,신용산,37.52909,126.96788,true,false
I1104,23,동작(현충원),37.503567,126.980171,true,false
I1104,24,총신대입구(이수),37.487521,126.982309,true,false
I1104,25,사당,37.476263,126.981636,true,false
I1104,26,남태령,37.464339,126.989081,true,false
S1105,1,김포공항,37.56217,126.801273,true,false
S1105,2,송정,37.561201,126.812052,true,false
S1105,3,개화산,37.572458,126.806838,true,false
S1105,4,방화,37.577669,126.812822,true,false
S1105,5,발산,37.558692,126.837633,true,false
S1105,6,마곡,37.55865,126.837693,true,false
S1105,7,우장산,37.548864,126.83633,true,false
S1105,8,화곡,37.541585,126.840436,true,false
S1105,9,까치산,37.5322,126.84645,true,false
S1105,10,신정(은행정),37.525001,126.856176,true,false
S1105,11,목동,37.526088,126.864296,true,false
S1105,12,오목교(목동운동장앞),37.524557,126.875049,true,false
S1105,13,양평,37.525614,126.886177,true,false
S1105,14,영등포구청,37.524209,126.895022,true,false
S1105,15,영등포시장,37.52276,126.905143,true,false
S1105,16,신길,37.51763,126.914886,true,false
S1105,17,여의도,37.521678,126.924318,true,false
S1105,18,여의나루,37.527045,126.932807,true,false
S1105,19,마포,37.539718,126.946043,true,false
S1105,20,공덕,37.544005,126.951058,true,false
S1105,21,애오개,37.553592,126.956733,true,false
S1105,22,충정로(경기대입구),37.560061,126.962783,true,false
S1105,23,서대문,37.565812,126.966639,true,false
S1105,24,광화문(세종문화회관),37.571645,126.976568,true,false
S1105,25,종로3가(탑골공원),37.572546,126.990447,true,false
S1105,26,을지로4가,37.56728,126.998127,true,false
S1105,27,동대문역사문화공원(DDP),37.564682,127.00533,true,false
S1105,28,청구,37.560237,127.01379,true,false
S1105,29,신금호,37.554504,127.020403,true,false
S1105,30,행당,37.557297,127.029482,true,false
S1105,31,왕십리(성동구청),37.56197,127.037264,true,false
S1105,32,마장,37.566066,127.042921,true,false
S1105,33,답십리,37.566833,127.05266,true,false
S1105,34,장한평,37.561438,127.064601,true,false
S1105,35,군자(능동),37.557102,127.079559,true,false
S1105,36,아차산(어린이대공원후문),37.552005,127.089609,true,false
S1105,37,광나루(장신대),37.545301,127.103478,true,false
S1105,38,천호(풍납토성),37.538566,127.123539,true,false
S1105,39,강동,37.53581,127.13249,true,false
S1105,40,길동,37.538022,127.140085,true,false
S1105,41,굽은다리(강동구민회관앞),37.545442,127.142844,true,false
S1105,42,명일,37.551317,127.144002,true,false
S1105,43,고덕,37.555002,127.154214,true,false
S1105,44,상일동,37.556714,127.166381,true,false
S1105,45,강일,37.557521,127.176018,true,false
S1105,46,미사,37.56309,127.192954,true,false
S1105,47,하남풍산,37.552201,127.203897,true,false
S1105,48,하남시청(덕풍∙신장),37.541723,127.206901,true,false
S1105,49,하남검단산,37.539729,127.223427,true,false
S1105,50,마천,37.494972,127.152784,true,false
S1105,51,거여,37.493208,127.143983,true,false
S1105,52,개롱,37.498097,127.134817,true,false
S1105,53,오금,37.502228,127.127701,true,false
S1105,54,방이,37.508752,127.126054,true,false
S1105,55,올림픽공원(한국체대),37.516217,127.130957,true,false
S1105,56,둔촌동,37.527787,127.136219,true,false
S1106,1,신내,37.612571,127.104326,true,false
S1106,2,봉화산(서울의료원),37.617429,127.0912326,true,false
S1106,3,화랑대(서울여대입구),37.619875,127.084106,true,false
S1106,4,태릉입구,37.617319,127.074741,true,false
S1106,5,석계,37.614937,127.065922,true,false
S1106,6,돌곶이,37.610522,127.056419,true,false
S1106,7,상월곡(한국과학기술연구원),37.606392,127.048509,true,false
S1106,8,월곡(동덕여대),37.60192,127.041492,true,false
S1106,9,고려대(종암),37.59034,127.03626,true,false
S1106,10,안암(고대병원앞),37.586261,127.02903,true,false
S1106,11,보문,37.585426,127.019722,true,false
S1106,12,창신,37.579772,127.015246,true,false
S1106,13,동묘앞,37.572275,127.015666,true,false
S1106,14,신당,37.566174,127.016158,true,false
S1106,15,청구,37.560221,127.013776,true,false
S1106,16,약수,37.554087,127.010237,true,false
S1106,17,버티고개,37.547933,127.006948,true,false
S1106,18,한강진,37.53956,127.001729,true,false
S1106,19,이태원,37.534485,126.994369,true,false
S1106,20,녹사평(용산구청),37.53469,126.98665,true,false
S1106,21,삼각지(전쟁기념관),37.535563,126.973996,true,false
S1106,22,효창공원앞,37.539279,126.961348,true,false
S1106,23,공덕,37.543592,126.951664,true,false
S1106,24,대흥(서강대앞),37.547732,126.942214,true,false
S1106,25,광흥창(서강),37.547464,126.931971,true,false
S1106,26,상수,37.547704,126.92292,true,false
S1106,27,합정,37.549033,126.913546,true,false
S1106,28,망원,37.556031,126.910129,true,false
S1106,29,마포구청,37.563529,126.903356,true,false
S1106,30,월드컵경기장(성산),37.569439,126.899077,true,false
S1106,31,디지털미디어시티,37.5760805,126.901343,true,false
S1106,32,증산(명지대앞),37.583989,126.909785,true,false
S1106,33,새절(신사),37.591148,126.913613,true,false
S1106,34,응암,37.59859,126.915583,true,false
S1106,35,역촌,37.60605,126.922764,true,false
S1106,36,구산,37.611196,126.9172519,true,false
S1106,37,연신내,37.618483,126.920403,true,false
S1106,38,불광,37.610919,126.929504,true,false
S1106,39,독바위,37.618413,126.933035,true,false
S1107,1,석남(거북시장),37.506208,126.676213,true,false
S1107,2,산곡,37.508547,126.70351,true,false
S1107,3,부평구청,37.507523,126.721356,true,false
S1107,4,굴포천,37.50695,126.731481,true,false
S1107,5,삼산체육관,37.506431,126.742081,true,false
S1107,6,상동,37.505769,126.753081,true,false
S1107,7,부천시청,37.504611,126.763561,true,false
S1107,8,신중동,37.503081,126.776161,true,false
S1107,9,춘의,37.50365,126.787069,true,false
S1107,10,부천종합운동장,37.505381,126.79735,true,false
S1107,11,까치울,37.506236,126.81095,true,false
S1107,12,온수(성공회대입구),37.492059,126.823294,true,false
S1107,13,천왕,37.486699,126.838684,true,false
S1107,14,광명사거리,37.47927,126.854854,true,false
S1107,15,철산,37.47616,126.868217,true,false
S1107,16,가산디지털단지,37.480376,126.882704,true,false
S1107,17,남구로,37.486181,126.887372,true,false
S1107,18,대림(구로구청),37.492984,126.896997,true,false
S1107,19,신풍,37.500107,126.909806,true,false
S1107,20,보라매,37.499916,126.920112,true,false
S1107,21,신대방삼거리,37.499717,126.928218,true,false
S1107,22,장승배기,37.504845,126.939025,true,false
S1107,23,상도,37.50279,126.947949,true,false
S1107,24,숭실대입구(살피재),37.496258,126.953649,true,false
S1107,25,남성,37.484688,126.971108,true,false
S1107,26,이수,37.485258,126.981766,true,false
S1107,27,총신대입구(이수),37.485258,126.981766,true,false
S1107,28,내방,37.48764,126.993541,true,false
S1107,29,고속터미널,37.503387,127.005055,true,false
S1107,30,반포,37.508171,127.011717,true,false
S1107,31,논현,37.511108,127.021385,true,false
S1107,32,학동,37.514262,127.031738,true,false
S1107,33,강남구청,37.517185,127.04122,true,false
S1107,34,청담,37.519097,127.051851,true,false
S1107,35,자양(뚝섬한강공원),37.531558,127.066714,true,false
S1107,36,건대입구,37.540882,127.071103,true,false
S1107,37,어린이대공원(세종대),37.547962,127.07465,true,false
S1107,38,군자(능동),37.557151,127.079484,true,false
S1107,39,중곡,37.565877,127.084291,true,false
S1107,40,용마산(용마폭포공원),37.573752,127.086802,true,false
S1107,41,사가정,37.580912,127.088502,true,false
S1107,42,면목,37.588671,127.087503,true,false
S1107,43,상봉,37.595673,127.085708,true,false
S1107,44,중화,37.602604,127.079254,true,false
S1107,45,먹골,37.610638,127.077719,true,false
S1107,46,태릉입구,37.618519,127.075361,true,false
S1107,47,공릉(서울과학기술대),37.625642,127.072969,true,false
S1107,48,하계,37.636363,127.067999,true,false
S1107,49,중계,37.645052,127.064084,true,false
S1107,50,노원,37.654478,127.060555,true,false
S1107,51,마들,37.664985,127.057701,true,false
S1107,52,수락산,37.677804,127.055314,true,false
S1107,53,도봉산,37.689131,127.046548,true,false
S1107,54,장암,37.70015,127.053126,true,false
S1121,1,신설동,37.574653,127.025158,true,false
S1121,2,용두(동대문구청),37.574012,127.03811,true,false
S1121,3,신답,37.569847,127.047048,true,false
S1121,4,용답,37.562066,127.05087863,true,false
S1122,1,도림천,37.5145589,126.882586,true,false
S1122,2,양천구청,37.5123294,126.865593,true,false
S1122,3,신정네거리,37.520218,126.852849,true,false
S1109,1,개화,37.578591,126.797833,true,false
S1109,2,김포공항,37.562056,126.801633,true,false
S1109,3,공항시장,37.563726,126.810678,true,false
S1109,4,신방화,37.5675,126.816667,true,false
S1109,5,마곡나루(서울식물원),37.566717,126.8276071,true,false
S1109,6,양천향교,37.568333,126.841389,true,false
S1109,7,가양,37.561111,126.855078,true,false
S1109,8,증미,37.55785,126.861067,true,false
S1109,9,등촌,37.551111,126.864722,true,false
S1109,10,염창,37.546944,126.874722,true,false
S1109,11,신목동,37.544167,126.883056,true,false
S1109,12,선유도,37.537778,126.893889,true,false
S1109,13,당산,37.533844,126.902222,true,false
S1109,14,국회의사당,37.528105,126.917874,true,false
S1109,15,여의도,37.521744,126.924167,true,false
S1109,16,샛강,37.5173,126.9284,true,false
S1109,17,노량진,37.513667,126.940917,true,false
S1109,18,노들,37.512726,126.953096,true,false
S1109,19,흑석(중앙대입구),37.508889,126.963611,true,false
S1109,20,동작(현충원),37.502878,126.978278,true,false
S1109,21,구반포,37.501389,126.987222,true,false
S1109,22,신반포,37.5035033,126.996044,true,false
S1109,23,고속터미널,37.505933,127.004044,true,false
S1109,24,사평,37.504161,127.015219,true,false
S1109,25,신논현,37.504444,127.024417,true,false
S1109,26,언주,37.507287,127.033868,true,false
S1109,27,선정릉,37.51028,127.0437593,true,false
S1109,28,삼성중앙,37.513011,127.053282,true,false
S1109,29,봉은사,37.514219,127.060245,true,false
S1109,30,종합운동장,37.511156,127.076917,true,false
S1109,31,삼전,37.504531,127.087211,true,false
S1109,32,석촌고분,37.502439,127.096611,true,false
S1109,33,석촌,37.505078,127.106944,true,false
S1109,34,송파나루,37.51055,127.112451,true,false
S1109,35,한성백제,37.516369,127.116211,true,false
S1109,36,올림픽공원(한국체대),37.516111,127.130333,true,false
S1109,37,둔촌오륜,37.519339,127.138619,true,false
S1109,38,중앙보훈병원,37.528807,127.148488,true,false
L11UI,1,신설동,37.57659,127.023221,true,false
L11UI,2,보문,37.58551,127.01939,true,false
L11UI,3,성신여대입구,37.59247,127.01656,true,false
L11UI,4,정릉,37.60278,127.01345,true,false
L11UI,5,북한산보국문,37.61233,127.00816,true,false
L11UI,6,솔샘,37.62037,127.01357,true,false
L11UI,7,삼양사거리,37.62144,127.02049,true,false
L11UI,8,삼양,37.62706,127.01817,true,false
L11UI,9,화계,37.63428,127.0175,true,false
L11UI,10,가오리,37.64162,127.01681,true,false
L11UI,11,4.19민주묘지,37.64954,127.01371,true,false
L11UI,12,솔밭공원,37.65607,127.01326,true,false
L11UI,13,북한산우이,37.66284,127.01272,true,false
L41U1,1,탑석,37.73355362,127.0889064,true,false
L41U1,2,송산,37.7371698,127.0872755,true,false
L41U1,3,어룡,37.74272184,127.0852045,true,false
L41U1,4,곤제,37.75054343,127.0838651,true,false
L41U1,5,효자,37.75398452,127.0773155,true,false
L41U1,6,경기도청북부청사,37.75073213,127.0714795,true,false
L41U1,7,새말,37.74889941,127.063869,true,false
L41U1,8,동오,37.74519123,127.05703,true,false
L41U1,9,의정부중앙,37.74371903,127.0496332,true,false
L41U1,10,경전철의정부,37.73729974,127.043321,true,false
L41U1,11,흥선,37.74322487,127.0371765,true,false
L41U1,12,의정부시청,37.73924874,127.034854,true,false
L41U1,13,범골,37.7287279,127.0437202,true,false
L41U1,14,회룡,37.72505255,127.0467864,true,false
L41U1,15,발곡,37.726983,127.052889,true,false
S28M1,1,용유역,37.424805,126.423637,true,false
S28M1,2,워터파크역,37.429227,126.434183,true,false
S28M1,3,인천국제공항역,37.447222,126.4525,true,false
S28M1,4,장기주차장역,37.44385,126.455671,true,false
S28M1,5,합동청사역,37.440519,126.458654,true,false
S28M1,6,파라다이스시티역,37.437217,126.459858,true,false
S2801,1,검단호수공원,37.6025,126.688056,true,false
S2801,2,신검단중앙,37.6026,126.698611,true,false
S2801,3,"아라(북부법원, 검찰청)",37.592222,126.713333,true,false
S2801,4,계양,37.571539,126.736319,true,false
S2801,5,귤현,37.566362,126.742498,true,false
S2801,6,박촌,37.553525,126.744946,true,false
S2801,7,임학,37.545058,126.738642,true,false
S2801,8,계산,37.543243,126.728436,true,false
S2801,9,경인교대입구,37.538272,126.722603,true,false
S2801,10,작전,37.530271,126.722548,true,false
S2801,11,갈산,37.517124,126.721566,true,false
S2801,12,부평구청,37.508768,126.720547,true,false
S2801,13,부평시장,37.498495,126.722282,true,false
S2801,14,부평,37.490541,126.723437,true,false
S2801,15,동수,37.485409,126.718464,true,false
S2801,16,부평삼거리,37.478267,126.710494,true,false
S2801,17,간석오거리,37.466921,126.707861,true,false
S2801,18,인천시청,37.457615,126.702216,true,false
S2801,19,예술회관,37.449334,126.700991,true,false
S2801,20,인천터미널,37.441917,126.699727,true,false
S2801,21,문학경기장,37.434964,126.698373,true,false
S2801,22,선학,37.426985,126.698872,true,false
S2801,23,신연수,37.418032,126.693853,true,false
S2801,24,원인재,37.412364,126.687893,true,false
S2801,25,동춘,37.404676,126.680835,true,false
S2801,26,동막,37.398173,126.673561,true,false
S2801,27,캠퍼스타운,37.388209,126.661985,true,false
S2801,28,테크노파크,37.382311,126.656355,true,false
S2801,29,지식정보단지,37.378021,126.645412,true,false
S2801,30,인천대입구,37.386239,126.639351,true,false
S2801,31,센트럴파크,37.392833,126.635002,true,false
S2801,32,국제업무지구,37.400421,126.630105,true,false
S2801,33,송도달빛축제공원,37.40687495,126.6260537,true,false
S2802,1,운연,37.439533,126.759609,true,false
S2802,2,인천대공원,37.448475,126.753051,true,false
S2802,3,남동구청,37.448179,126.736581,true,false
S2802,4,만수,37.454962,126.731764,true,false
S2802,5,모래내시장,37.455842,126.719578,true,false
S2802,6,석천사거리,37.4569323,126.710383,true,false
S2802,7,인천시청,37.456904,126.701523,true,false
S2802,8,석바위시장,37.457659,126.692387,true,false
S2802,9,시민공원,37.458339,126.6810091,true,false
S2802,10,주안,37.465234,126.679041,true,false
S2802,11,주안국가산단,37.473599,126.681102,true,false
S2802,12,가재울,37.484152,126.683883,true,false
S2802,13,인천가좌,37.489962,126.675284,true,false
S2802,14,서부여성회관,37.500298,126.675875,true,false
S2802,15,석남(거북시장),37.507211,126.676304,true,false
S2802,16,가정중앙시장,37.517511,126.676784,true,false
S2802,17,가정(루원시티),37.524805,126.675387,true,false
S2802,18,서구청,37.543839,126.676795,true,false
S2802,19,아시아드경기장,37.551373,126.677075,true,false
S2802,20,검바위,37.561091,126.677529,true,false
S2802,21,검암,37.568611,126.675682,true,false
S2802,22,독정,37.584927,126.675981,true,false
S2802,23,완정,37.592867,126.672961,true,false
S2802,24,마전,37.597756,126.667195,true,false
S2802,25,검단사거리,37.601693,126.656545,true,false
S2802,26,왕길,37.5950191,126.642284,true,false
S2802,27,검단오류,37.5950162,126.62801,true,false
I4102,1,연천역,38.100485,127.07368,true,false
I4102,2,전곡역,38.024041,127.071913,true,false
I4102,3,청산역,37.995138,127.074097,true,false
I4102,4,소요산역,37.948608,127.061007,true,false
I4102,5,동두천역,37.927569,127.054825,true,false
I4102,6,보산역,37.914268,127.057134,true,false
I4102,7,동두천중앙역,37.901818,127.056528,true,false
I4102,8,지행역,37.892361,127.055734,true,false
I4102,9,덕정역,37.843216,127.061511,true,false
I4102,10,덕계역,37.818761,127.056676,true,false
I4102,11,양주역,37.774281,127.044719,true,false
I4102,12,녹양역,37.759416,127.042272,true,false
I4102,13,가능역,37.748362,127.044251,true,false
I4102,14,의정부역,37.73873,127.045891,true,false
I4102,15,회룡역,37.724037,127.047319,true,false
I4102,16,망월사역,37.710499,127.047361,true,false
I4102,17,도봉산역,37.689603,127.046047,true,false
I4102,18,도봉역,37.679441,127.045521,true,false
I4102,19,방학역,37.667471,127.044295,true,false
I4102,20,창동역,37.653181,127.047663,true,false
I4102,21,녹천역,37.644599,127.051406,true,false
I4102,22,월계역,37.633114,127.058835,true,false
I4102,23,광운대역,37.62357,127.06181,true,false
I4102,24,석계역,37.615206,127.065594,true,false
I4102,25,신이문역,37.601829,127.067347,true,false
I4102,26,외대앞역,37.596157,127.063572,true,false
I4102,27,회기역,37.589602,127.057936,true,false
I4102,28,청량리역,37.580543,127.048077,true,false
I4102,29,왕십리역,37.561728,127.038405,true,false
I4102,30,응봉역,37.550433,127.034824,true,false
I4102,31,옥수역,37.540514,127.018698,true,false
I4102,32,한남역,37.529361,127.008984,true,false
I4102,33,서빙고역,37.51961,126.988358,true,false
I4102,34,이촌역,37.522476,126.973816,true,false
I4102,35,용산역,37.52989,126.964775,true,false
I4105,1,왕십리역,37.5610128,127.038705,true,false
I4105,2,서울숲역,37.543647,127.044686,true,false
I4105,3,압구정로데오역,37.527385,127.040555,true,false
I4105,4,강남구청역,37.516572,127.041575,true,false
I4105,5,선정릉역,37.510775,127.043717,true,false
I4105,6,선릉역,37.504479,127.048941,true,false
I4105,7,한티역,37.496208,127.052883,true,false
I4105,8,도곡역,37.490914,127.055393,true,false
I4105,9,구룡역,37.486985,127.059496,true,false
I4105,10,개포동역,37.489112,127.066027,true,false
I4105,11,대모산입구역,37.491347,127.072702,true,false
I4105,12,수서역,37.487633,127.101118,true,false
I4105,13,복정역,37.469753,127.126627,true,false
I4105,14,가천대역,37.448784,127.126677,true,false
I4105,15,태평역,37.439842,127.127746,true,false
I4105,16,모란역,37.432124,127.129064,true,false
I4105,17,야탑역,37.41132,127.128661,true,false
I4105,18,이매역,37.395846,127.128272,true,false
I4105,19,서현역,37.384931,127.123249,true,false
I4105,20,수내역,37.378435,127.114216,true,false
I4105,21,정자역,37.366037,127.108091,true,false
I4105,22,미금역,37.350078,127.108952,true,false
I4105,23,오리역,37.339832,127.108985,true,false
I4105,24,죽전역,37.324575,127.107385,true,false
I4105,25,보정역,37.31274,127.108219,true,false
I4105,26,구성역,37.299013,127.105664,true,false
I4105,27,신갈역,37.286127,127.111311,true,false
I4105,28,기흥역,37.275657,127.115944,true,false
I4105,29,상갈역,37.261797,127.108718,true,false
I4105,30,청명역,37.259485,127.078945,true,false
I4105,31,영통역,37.251521,127.071341,true,false
I4105,32,망포역,37.245793,127.057367,true,false
I4105,33,매탄권선역,37.252458,127.040824,true,false
I4105,34,수원시청역,37.261941,127.030736,true,false
I4105,35,매교역,37.265502,127.015657,true,false
I4105,36,수원역(분당),37.266162,127.000082,true,false
I4108,1,양원역,36.963729,129.091321,true,false
I4108,2,지평역,37.476496,127.629681,true,false
I4108,3,용문역,37.482085,127.594251,true,false
I4108,4,원덕역,37.468585,127.547468,true,false
I4108,5,양평역,37.492674,127.491858,true,false
I4108,6,오빈역,37.506061,127.474053,true,false
I4108,7,아신역,37.513954,127.443238,true,false
I4108,8,국수역,37.516171,127.399402,true,false
I4108,9,신원역,37.525921,127.372745,true,false
I4108,10,양수역,37.545998,127.328948,true,false
I4108,11,운길산역,37.554659,127.310089,true,false
I4108,12,팔당역,37.547321,127.243896,true,false
I4108,13,도심역,37.579628,127.222798,true,false
I4108,14,덕소역,37.586892,127.208835,true,false
I4108,15,양정역,37.604269,127.194602,true,false
I4108,16,도농역,37.608756,127.161105,true,false
I4108,17,구리역,37.60326,127.143373,true,false
I4108,18,망우역,37.599288,127.092318,true,false
I4108,19,상봉역,37.595254,127.085853,true,false
I4108,20,중랑역,37.594948,127.076152,true,false
I4108,21,회기역,37.589802,127.057936,true,false
I4108,22,청량리역,37.580043,127.047588,true,false
I4108,23,광운대역,37.623635,127.061975,true,false
I4108,24,서울역(경의선),37.556713,126.97138700000001,true,false
I4108,25,효창공원앞역,37.538789,126.962339,true,false
I4108,26,공덕역,37.542711,126.952134,true,false
I4108,27,서강대역,37.552132,126.935389,true,false
I4108,28,홍대입구역,37.55758,126.926833,true,false
I4108,29,신촌역,37.559768,126.942308,true,false
I4108,30,가좌역,37.568611,126.914841,true,false
I4108,31,디지털미디어시티역,37.577964,126.900421,true,false
I4108,32,수색역,37.580855,126.895681,true,false
I4108,33,한국항공대,37.603102,126.868291,true,false
I4108,34,강매역,37.612396,126.844537,true,false
I4108,35,행신역,37.612125,126.834063,true,false
I4108,36,능곡역,37.618741,126.82089,true,false
I4108,37,대곡역,37.631629,126.810225,true,false
I4108,38,곡산역,37.645729,126.801877,true,false
I4108,39,백마역,37.658346,126.794401,true,false
I4108,40,풍산역,37.672173,126.786355,true,false
I4108,41,일산역,37.682231,126.769521,true,false
I4108,42,탄현역,37.694114,126.761075,true,false
I4108,43,야당역,37.712749,126.761535,true,false
I4108,44,운정역,37.725441000000004,126.767076,true,false
I4108,45,금릉역,37.751295,126.765401,true,false
I4108,46,금촌역,37.766106,126.774515,true,false
I4108,47,월롱역,37.796201,126.792574,true,false
I4108,48,파주역,37.815391,126.792426,true,false
I4108,49,문산역,37.854565,126.787531,true,false
I4108,50,운천역,37.880008,126.769713,true,false
I4108,51,임진강역,37.888364,126.746777,true,false
I41K2,1,춘천역,37.884391,127.716603,true,false
I41K2,2,남춘천역,37.864071,127.723761,true,false
I41K2,3,김유정역,37.818475,127.714302,true,false
I41K2,4,강촌역,37.805728,127.634054,true,false
I41K2,5,백양리역,37.830881,127.589085,true,false
I41K2,6,굴봉산역,37.832086,127.557732,true,false
I41K2,7,가평역,37.814515,127.510693,true,false
I41K2,8,상천역,37.770305,127.4542,true,false
I41K2,9,청평역,37.735484,127.426541,true,false
I41K2,10,대성리역,37.683909,127.379165,true,false
I41K2,11,마석역,37.652328,127.311713,true,false
I41K2,12,천마산역,37.658995,127.285731,true,false
I41K2,13,평내호평역,37.653229,127.244452,true,false
I41K2,14,금곡역,37.637414,127.207931,true,false
I41K2,15,사릉역,37.651145,127.176839,true,false
I41K2,16,퇴계원역,37.648316,127.143858,true,false
I41K2,17,별내역,37.642221,127.127208,true,false
I41K2,18,갈매역,37.634135,127.114803,true,false
I41K2,19,신내역,37.612855,127.103277,true,false
I41K2,20,망우역,37.599988,127.092031,true,false
I41WS,1,일산역,37.682231,126.769521,true,false
I41WS,2,풍산역,37.672173,126.786355,true,false
I41WS,3,백마역,37.658346,126.794401,true,false
I41WS,4,곡산역,37.645729,126.801877,true,false
I41WS,5,대곡역,37.631629,126.809802,true,false
I41WS,6,능곡역,37.618741,126.8206,true,false
I41WS,7,김포공항역,37.5621179,126.804056,true,false
I41WS,8,원종역,37.5240628,126.8048386,true,false
I41WS,9,부천종합운동장역,37.505852,126.797498,true,false
I41WS,10,소사역,37.482755,126.7950654,true,false
I41WS,11,소새울역,37.4685046,126.797228,true,false
I41WS,12,시흥대야역,37.4504787,126.793142,true,false
I41WS,13,신천역,37.4391147,126.786835,true,false
I41WS,14,신현역,37.4091399,126.78788,true,false
I41WS,15,시흥시청역,37.3814109,126.805946,true,false
I41WS,16,시흥능곡역,37.3699903,126.808594,true,false
I41WS,17,달미역,37.3490003,126.809318,true,false
I41WS,18,선부역,37.33459,126.81,true,false
I41WS,19,초지역,37.320083,126.808051,true,false
I41WS,20,시우역,37.3130967,126.795503,true,false
I41WS,21,원시역,37.302654,126.7867897,true,false
I4401,1,신창(순천향대)역,36.769213,126.950129,true,false
I4401,2,온양온천역,36.780419,127.003707,true,false
I4401,3,배방역,36.777541,127.052751,true,false
I4401,4,탕정역,36.788272,127.084446,true,false
I4401,5,아산역,36.792195,127.104384,true,false
I4401,6,쌍용(나사렛대)역,36.793745,127.121363,true,false
I4401,7,봉명역,36.801578,127.136319,true,false
I4401,8,천안역,36.810238,127.146417,true,false
I4103,1,오이도역,37.361773,126.738437,true,false
I4103,2,정왕역,37.351816,126.742844,true,false
I4103,3,능길역,37.337488,126.767306,true,false
I4103,4,안산역,37.327006,126.788748,true,false
I4103,5,초지역,37.320583,126.806151,true,false
I4103,6,고잔역,37.316821,126.823094,true,false
I4103,7,중앙역,37.316055,126.838532,true,false
I4103,8,한대앞역,37.309685,126.853656,true,false
I4103,9,상록수역,37.302845,126.866533,true,false
I4103,10,반월역,37.312244,126.903684,true,false
I4103,11,대야미역,37.328304,126.917161,true,false
I4103,12,수리산역,37.350297,126.925537,true,false
I4103,13,산본역,37.358019,126.932969,true,false
I4103,14,금정역,37.371957,126.943611,true,false
I4103,15,범계역,37.389783,126.950752,true,false
I4103,16,평촌역,37.394346,126.963881,true,false
I4103,17,인덕원역,37.401901,126.976718,true,false
I4103,18,정부과천청사역,37.426445,126.989802,true,false
I4103,19,과천역,37.432805,126.996404,true,false
I4103,20,대공원역,37.435724,127.006474,true,false
I4103,21,경마공원역,37.443987,127.007899,true,false
I4103,22,선바위역,37.451854,127.002164,true,false
I41K5,1,여주역,37.282881,127.628571,true,false
I41K5,2,세종대왕릉역,37.293636,127.570764,true,false
I41K5,3,부발역,37.260411,127.490303,true,false
I41K5,4,이천역,37.264222,127.442135,true,false
I41K5,5,신둔도예촌역,37.315499,127.405251,true,false
I41K5,6,곤지암역,37.350525,127.346186,true,false
I41K5,7,초월역,37.373389,127.299996,true,false
I41K5,8,경기광주역,37.398974,127.253201,true,false
I41K5,9,삼동역,37.408731,127.203447,true,false
I41K5,10,이매역,37.394736,127.127048,true,false
I41K5,11,성남역,37.394709,127.11949,true,false
I41K5,12,판교역,37.394798,127.111135,true,false
I28K1,1,고색역,37.249829,126.9805899,true,false
I28K1,2,오목천역,37.243011,126.9636354,true,false
I28K1,3,어천역,37.250076,126.908805,true,false
I28K1,4,야목역,37.261211,126.884029,true,false
I28K1,5,사리역,37.290809,126.857172,true,false
I28K1,6,한대앞역,37.309985,126.853506,true,false
I28K1,7,중앙역,37.316055,126.838532,true,false
I28K1,8,고잔역,37.316821,126.823094,true,false
I28K1,9,초지역,37.320583,126.806151,true,false
I28K1,10,안산역,37.327006,126.788748,true,false
I28K1,11,능길역,37.337488,126.767306,true,false
I28K1,12,정왕역,37.351816,126.742844,true,false
I28K1,13,오이도역,37.361773,126.738437,true,false
I28K1,14,달월역,37.379993,126.745431,true,false
I28K1,15,월곶역,37.39189,126.742741,true,false
I28K1,16,소래포구역,37.400963,126.733533,true,false
I28K1,17,인천논현역,37.400641,126.722495,true,false
I28K1,18,호구포역,37.401622,126.708682,true,false
I28K1,19,남동인더스파크역,37.407668,126.695613,true,false
I28K1,20,원인재역,37.412921,126.686952,true,false
I28K1,21,연수역,37.417769,126.678991,true,false
I28K1,22,송도역,37.429714,126.654486,true,false
I28K1,23,인하대역,37.448191,126.649832,true,false
I28K1,24,숭의역,37.460891,126.638035,true,false
I28K1,25,신포역,37.468442,126.624509,true,false
I28K1,26,인천역,37.476364,126.6174236,true,false
I1101,1,구일역,37.495973,126.869201,true,false
I1101,2,개봉역,37.494698,126.858504,true,false
I1101,3,오류동역,37.4944,126.844551,true,false
I1101,4,온수역,37.492267,126.823399,true,false
I1101,5,역곡역,37.48514,126.811622,true,false
I1101,6,소사역,37.482755,126.795654,true,false
I1101,7,부천역,37.484066,126.782779,true,false
I1101,8,중동역,37.486664,126.764474,true,false
I1101,9,송내역,37.487626,126.753045,true,false
I1101,10,부개역,37.488479,126.740549,true,false
I1101,11,부평역,37.489457,126.724584,true,false
I1101,12,백운역,37.483301,126.707179,true,false
I1101,13,동암역,37.470835,126.703016,true,false
I1101,14,간석역,37.464689,126.693408,true,false
I1101,15,주안역,37.465041,126.680702,true,false
I1101,16,도화역,37.466154,126.66846,true,false
I1101,17,제물포역,37.466809,126.657165,true,false
I1101,18,도원역,37.468604,126.642824,true,false
I1101,19,동인천역,37.475414,126.632598,true,false
I1101,20,인천역,37.476364,126.616936,true,false
I4106,1,지축역,37.648114,126.913746,true,false
I4106,2,삼송역,37.653096,126.895559,true,false
I4106,3,원흥역,37.650709,126.873239,true,false
I4106,4,원당역,37.653103,126.842891,true,false
I4106,5,화정역,37.634708,126.832503,true,false
I4106,6,대곡역,37.631629,126.811025,true,false
I4106,7,백석역,37.642973,126.788109,true,false
I4106,8,마두역,37.652185,126.777641,true,false
I4106,9,정발산역,37.659709,126.773254,true,false
I4106,10,주엽역,37.670138,126.761232,true,false
I4106,11,대화역,37.675883,126.747756,true,false
I27K7,1,경산역,35.8192,128.7276,true,false
I27K7,2,동대구역,35.879376,128.628807,true,false
I27K7,3,대구역,35.876,128.5961,true,false
I27K7,4,서대구역,35.881734,128.540121,true,false
I27K7,5,왜관역,35.991821,128.400391,true,false
I27K7,6,북삼역,36.0560326479866,128.345278,true,false
I27K7,7,사곡역,36.098508,128.356416,true,false
I27K7,8,구미역,36.128278,128.331071,true,false
I26K6,1,태화강역,35.538669,129.353269,true,false
I26K6,2,개운포역,35.507884,129.321097,true,false
I26K6,3,덕하역,35.494007,129.303094,true,false
I26K6,4,망양역,35.456519,129.287856,true,false
I26K6,5,남창역,35.419713,129.28223,true,false
I26K6,6,서생역,35.346121,129.29304,true,false
I26K6,7,월내역,35.328177,129.276626,true,false
I26K6,8,좌천역,35.311838,129.245197,true,false
I26K6,9,일광역,35.2675565,129.2330307,true,false
I26K6,10,기장역,35.244627,129.2188951,true,false
I26K6,11,오시리아역,35.196256,129.208291,true,false
I26K6,12,송정역,35.187832,129.202069,true,false
I26K6,13,신해운대역,35.181832,129.176696,true,false
I26K6,14,벡스코역,35.1717,129.135958,true,false
I26K6,15,센텀역,35.1793,129.1245,true,false
I26K6,16,재송역,35.188,129.120109,true,false
I26K6,17,부산원동역,35.1938,129.113709,true,false
I26K6,18,안락역,35.196007,129.101062,true,false
I26K6,19,교대역,35.1938,129.07958,true,false
I26K6,20,거제역,35.18958,129.074385,true,false
I26K6,21,거제해맞이역,35.181197,129.069015,true,false
I26K6,22,부전역,35.164668,129.06011,true,false
I26K6,23,동래역,35.204714,129.0773502,true,false
